{
  "variants": {
    "axis=x": [
      {
        "model": "block/deepslate",
        "x": 90,
        "y": 90
      },
      {
        "model": "block/deepslate",
        "x": 90,
        "y": 90
      }
    ],
    "axis=y": [
      { "model": "block/deepslate", "weight": 200 },
      { "model": "block/deepslate", "weight": 200, "y": 180 }
    ],
    "axis=z": [
      {
        "model": "block/deepslate",
        "x": 90
      },
      {
        "model": "block/deepslate",
        "x": 90,
        "y": 180
      }
    ]
  }
}