{
  "variants": {
    "": [
		{ "model": "block/lily_pad", "weight": 5 },
		{ "model": "block/lily_pad_22", "weight": 5 },
		{ "model": "block/lily_pad_-22", "weight": 5 },
		{ "model": "block/lily_pad_45", "weight": 5 },
		{ "model": "block/lily_pad", "weight": 5, "y": 90 },
		{ "model": "block/lily_pad_22", "weight": 5, "y": 90 },
		{ "model": "block/lily_pad_-22", "weight": 5, "y": 90 },
		{ "model": "block/lily_pad_45", "weight": 5, "y": 90 },
		{ "model": "block/lily_pad", "weight": 5, "y": 180 },
		{ "model": "block/lily_pad_22", "weight": 5, "y": 180 },
		{ "model": "block/lily_pad_-22", "weight": 5, "y": 180 },
		{ "model": "block/lily_pad_45", "weight": 5, "y": 180 },
		{ "model": "block/lily_pad", "weight": 5, "y": 270 },
		{ "model": "block/lily_pad_22", "weight": 5, "y": 270 },
		{ "model": "block/lily_pad_-22", "weight": 5, "y": 270 },
		{ "model": "block/lily_pad_45", "weight": 5, "y": 270 },
		{ "model": "block/lily_flower1", "weight": 5 },
		{ "model": "block/lily_flower2", "weight": 3 },
		{ "model": "block/lily_flower3", "weight": 1 },
		{ "model": "block/lily_fireflies_0", "weight": 2 },
		{ "model": "block/lily_fireflies_22", "weight": 2 },
		{ "model": "block/lily_fireflies_-22", "weight": 2 },
		{ "model": "block/lily_fireflies_45", "weight": 2 },
		{ "model": "block/lily_fireflies_0", "weight": 2, "y": 90 },
		{ "model": "block/lily_fireflies_22", "weight": 2, "y": 90 },
		{ "model": "block/lily_fireflies_-22", "weight": 2, "y": 90 },
		{ "model": "block/lily_fireflies_45", "weight": 2, "y": 90 },
		{ "model": "block/lily_fireflies_0", "weight": 2, "y": 180 },
		{ "model": "block/lily_fireflies_22", "weight": 2, "y": 180 },
		{ "model": "block/lily_fireflies_-22", "weight": 2, "y": 180 },
		{ "model": "block/lily_fireflies_45", "weight": 2, "y": 180 },
		{ "model": "block/lily_fireflies_0", "weight": 2, "y": 270 },
		{ "model": "block/lily_fireflies_22", "weight": 2, "y": 270 },
		{ "model": "block/lily_fireflies_-22", "weight": 2, "y": 270 },
		{ "model": "block/lily_fireflies_45", "weight": 2, "y": 270 },
		{ "model": "block/lily_pad_2", "weight": 25 },
		{ "model": "block/lily_pad_2", "weight": 25, "y": 90 },
		{ "model": "block/lily_pad_2", "weight": 25, "y": 180 },
		{ "model": "block/lily_pad_2", "weight": 25, "y": 270 }
      ]
   }
}