{
	"texture_size": [64, 64],
	"textures": {
		"0": "block/brick_stairs",
		"particle": "block/bricks"
	},
	"elements": [
		{
			"from": [0, 0, 0],
			"to": [16, 8, 16],
			"faces": {
				"north": {"uv": [11.75, 0, 15.75, 2], "texture": "#0", "cullface": "north"},
				"east": {"uv": [8, 14, 12, 16], "texture": "#0", "cullface": "east"},
				"south": {"uv": [12, 6, 16, 8], "texture": "#0", "cullface": "south"},
				"west": {"uv": [0, 10, 4, 12], "texture": "#0", "cullface": "west"}
			}
		},
		{
			"from": [0, 8, 0],
			"to": [16, 8, 8],
			"faces": {
				"up": {"uv": [0, 2, 4, 0], "rotation": 180, "texture": "#0"}
			}
		},
		{
			"from": [0, 8, 8],
			"to": [8, 16, 16],
			"faces": {
				"north": {"uv": [11.75, 0, 13.75, 2], "texture": "#0"},
				"east": {"uv": [8, 4, 10, 6], "texture": "#0"},
				"south": {"uv": [14, 0, 16, 2], "texture": "#0"},
				"west": {"uv": [2, 8, 4, 10], "texture": "#0", "cullface": "west"},
				"up": {"uv": [0, 2, 2, 0], "rotation": 180, "texture": "#0", "cullface": "up"}
			}
		},
		{
			"from": [8, 8, 8],
			"to": [16, 8, 16],
			"faces": {
				"up": {"uv": [3.25, 0, 1.25, 2], "rotation": 90, "texture": "#0"}
			}
		}
	]
}